﻿Spell,status,interface,app
0,1,heavy,2048-app
130,1,heavy,2048-app
33,1,heavy,2048-app
477,1,heavy,2048-app
3,1,heavy,2048-app
0,1,heavy,Tisky
4,1,heavy,Tisky
16,1,heavy,Tisky
23,1,heavy,Tisky
66,1,heavy,Tisky
9,1,heavy,Tisky
20,1,heavy,Tisky
44,1,heavy,Tisky
3,1,heavy,Tisky
7,1,heavy,Tisky
16,1,heavy,Tisky
60,1,heavy,Tisky
3,1,heavy,Tisky
7,1,heavy,Tisky
15,1,heavy,Tisky
28,1,heavy,Tisky
12,1,heavy,Tisky
84,1,heavy,Tisky
16,1,heavy,Tisky
0,1,heavy,Amaze
23,1,heavy,Amaze
8,1,heavy,Amaze
7,1,heavy,Amaze
9,1,heavy,Amaze
16,1,heavy,Amaze
5,1,heavy,Amaze
10,1,heavy,Amaze
8,1,heavy,Amaze
0,1,heavy,Orgzly
18,1,heavy,Orgzly
30,1,heavy,Orgzly
113,1,heavy,Orgzly
25,1,heavy,Orgzly
24,1,heavy,Orgzly
10,1,heavy,Orgzly
46,1,heavy,Orgzly
79,1,heavy,Orgzly
80,1,heavy,Orgzly
60,1,heavy,Orgzly
28,1,heavy,Orgzly
108,1,heavy,Orgzly
0,1,heavy,GNU
26,1,heavy,GNU
12,1,heavy,GNU
158,0,heavy,GNU
123,1,heavy,GNU
51,1,heavy,GNU
176,1,heavy,GNU
16,1,heavy,GNU
121,1,heavy,GNU
133,1,heavy,GNU
157,1,heavy,GNU
0,1,heavy,NewPipe
88,1,heavy,NewPipe
10,1,heavy,NewPipe
14,1,heavy,NewPipe
42,1,heavy,NewPipe
16,1,heavy,NewPipe
66,1,heavy,NewPipe
36,1,heavy,NewPipe
12,1,heavy,NewPipe
2,1,heavy,NewPipe
161,1,heavy,NewPipe
21,1,heavy,NewPipe
80,1,heavy,NewPipe
46,1,heavy,NewPipe
53,1,heavy,NewPipe