﻿app,interface,Spell,status
Tisky,heavy,0,1
Tisky,heavy,4,1
Tisky,heavy,16,1
Tisky,heavy,23,1
Tisky,heavy,66,1
Tisky,heavy,9,1
Tisky,heavy,20,1
Tisky,heavy,44,1
Tisky,heavy,3,1
Tisky,heavy,7,1
Tisky,heavy,16,1
Tisky,heavy,60,1
Tisky,heavy,3,1
Tisky,heavy,7,1
Tisky,heavy,15,1
Tisky,heavy,28,1
Tisky,heavy,12,1
Tisky,heavy,84,1
Tisky,heavy,16,1
Amaze,normal,0,1
Amaze,normal,23,1
Amaze,normal,8,1
Amaze,normal,7,1
Amaze,normal,9,1
Amaze,normal,16,1
Amaze,normal,5,1
Amaze,normal,10,1
Amaze,normal,8,0
Orgzly,normal,0,1
Orgzly,normal,18,1
Orgzly,normal,30,1
Orgzly,normal,113,1
Orgzly,normal,25,1
Orgzly,normal,24,1
Orgzly,normal,10,1
Orgzly,normal,46,1
Orgzly,normal,79,1
Orgzly,normal,80,1
Orgzly,normal,60,1
Orgzly,normal,28,1
Orgzly,normal,108,1
GNU,heavy,0,1
GNU,heavy,48,1
GNU,heavy,281,1
GNU,heavy,111,1
GNU,heavy,26,1
GNU,heavy,12,1
GNU,heavy,158,0
GNU,heavy,123,1
GNU,heavy,51,1
GNU,heavy,176,1
GNU,heavy,16,1
GNU,heavy,121,1
GNU,heavy,133,1
GNU,heavy,157,1
NewPipe,normal,0,1
NewPipe,normal,88,1
NewPipe,normal,10,1
NewPipe,normal,14,1
NewPipe,normal,42,1
NewPipe,normal,16,1
NewPipe,normal,66,1
NewPipe,normal,36,1
NewPipe,normal,12,1
NewPipe,normal,2,1
NewPipe,normal,161,1
NewPipe,normal,21,1
NewPipe,normal,80,1
NewPipe,normal,46,1
NewPipe,normal,53,0
NewPipe,minimalist,0,1
NewPipe,minimalist,88,1
NewPipe,minimalist,10,1
NewPipe,minimalist,14,1
NewPipe,minimalist,42,1
NewPipe,minimalist,16,1
NewPipe,minimalist,66,1
NewPipe,minimalist,36,1
NewPipe,minimalist,12,1
NewPipe,minimalist,2,1
NewPipe,minimalist,161,1
NewPipe,minimalist,21,1
NewPipe,minimalist,80,1
NewPipe,minimalist,46,1
NewPipe,minimalist,53,1
Shuttle,normal,0,1
Shuttle,normal,256,1
Shuttle,normal,3,1
Shuttle,normal,14,1
Shuttle,normal,19,1
Shuttle,normal,61,1
Shuttle,normal,143,1
Shuttle,normal,19,1
Shuttle,normal,80,1