﻿app,interface,Spell,status
SimpleGallery,normal,0,1
SimpleGallery,normal,55,1
SimpleGallery,normal,70,1
SimpleGallery,normal,74,1
SimpleGallery,normal,84,1
SimpleGallery,normal,12,1
SimpleGallery,normal,42,1
SimpleGallery,normal,145,1
SimpleGallery,normal,81,1
SimpleGallery,normal,78,1
SimpleGallery,normal,3,1
SimpleGallery,normal,7,1
SimpleGallery,normal,15,1
SimpleGallery,normal,13,1
SimpleGallery,normal,2,1
SoundRecorder,minimalist,0,1
SoundRecorder,minimalist,641,1
SoundRecorder,minimalist,225,1
2048-app,heavy,0,0
2048-app,heavy,18,0
2048-app,heavy,11,0
2048-app,heavy,4,0
2048-app,heavy,62,1
2048-app,heavy,69,0
2048-app,heavy,33,1
2048-app,heavy,261,1
2048-app,heavy,217,0
2048-app,heavy,3,1
Tisky,minimalist,0,1
Tisky,minimalist,4,1
Tisky,minimalist,16,1
Tisky,minimalist,23,1
Tisky,minimalist,66,1
Tisky,minimalist,9,1
Tisky,minimalist,20,1
Tisky,minimalist,44,1
Tisky,minimalist,3,1
Tisky,minimalist,7,1
Tisky,minimalist,16,1
Tisky,minimalist,60,1
Tisky,minimalist,3,1
Tisky,minimalist,7,1
Tisky,minimalist,15,1
Tisky,minimalist,28,1
Tisky,minimalist,12,1
Tisky,minimalist,84,1
Tisky,minimalist,16,1
Amaze,heavy,0,1
Amaze,heavy,23,1
Amaze,heavy,8,1
Amaze,heavy,7,1
Amaze,heavy,9,0
Amaze,heavy,16,1
Amaze,heavy,5,1
Amaze,heavy,10,0
Amaze,heavy,8,0
CGEO,minimalist,0,1
CGEO,minimalist,48,1
CGEO,minimalist,11,1
CGEO,minimalist,14,1
CGEO,minimalist,54,1
CGEO,minimalist,42,1
CGEO,minimalist,41,1
CGEO,minimalist,11,1
CGEO,minimalist,42,1
CGEO,minimalist,14,1
CGEO,minimalist,64,1
CGEO,minimalist,31,1
CGEO,minimalist,49,1
CGEO,minimalist,13,1
CGEO,minimalist,46,1
CGEO,minimalist,11,1
CGEO,minimalist,52,1
CGEO,minimalist,142,1
CGEO,minimalist,50,1
CGEO,minimalist,35,1
CGEO,minimalist,27,1
CGEO,normal,0,1
CGEO,normal,48,1
CGEO,normal,11,1
CGEO,normal,14,1
CGEO,normal,54,1
CGEO,normal,42,1
CGEO,normal,41,1
CGEO,normal,11,1
CGEO,normal,42,1
CGEO,normal,14,1
CGEO,normal,64,1
CGEO,normal,31,1
CGEO,normal,49,1
CGEO,normal,13,1
CGEO,normal,46,1
CGEO,normal,11,1
CGEO,normal,52,1
CGEO,normal,142,1
CGEO,normal,50,1
CGEO,normal,35,1
CGEO,normal,27,1
Orgzly,normal,0,1
Orgzly,normal,18,1
Orgzly,normal,30,1
Orgzly,normal,113,1
Orgzly,normal,25,1
Orgzly,normal,24,1
Orgzly,normal,10,1
Orgzly,normal,46,1
Orgzly,normal,79,1
Orgzly,normal,80,1
Orgzly,normal,60,1
Orgzly,normal,28,1
Orgzly,normal,108,1
GNU,minimalist,0,1
GNU,minimalist,26,1
GNU,minimalist,12,1
GNU,minimalist,158,0
GNU,minimalist,123,1
GNU,minimalist,51,1
GNU,minimalist,176,1
GNU,minimalist,16,1
GNU,minimalist,121,1
GNU,minimalist,133,1
GNU,minimalist,157,1
NewPipe,minimalist,0,1
NewPipe,minimalist,88,1
NewPipe,minimalist,10,1
NewPipe,minimalist,14,1
NewPipe,minimalist,42,1
NewPipe,minimalist,16,1
NewPipe,minimalist,66,1
NewPipe,minimalist,36,1
NewPipe,minimalist,12,1
NewPipe,minimalist,2,1
NewPipe,minimalist,161,1
NewPipe,minimalist,21,1
NewPipe,minimalist,80,1
NewPipe,minimalist,46,1
NewPipe,minimalist,53,1
NewPipe,normal,0,1
NewPipe,normal,88,1
NewPipe,normal,10,1
NewPipe,normal,14,1
NewPipe,normal,42,1
NewPipe,normal,16,1
NewPipe,normal,66,1
NewPipe,normal,36,1
NewPipe,normal,12,1
NewPipe,normal,2,1
NewPipe,normal,161,1
NewPipe,normal,21,1
NewPipe,normal,80,1
NewPipe,normal,46,1
NewPipe,normal,53,1
Shuttle,minimalist,0,1
Shuttle,minimalist,256,1
Shuttle,minimalist,3,1
Shuttle,minimalist,14,1
Shuttle,minimalist,19,1
Shuttle,minimalist,61,1
Shuttle,minimalist,143,1
Shuttle,minimalist,19,1
Shuttle,minimalist,80,1