﻿app,interface,Spell,status
SimpleGallery,minimalist,0,0
SimpleGallery,minimalist,55,0
SimpleGallery,minimalist,70,0
SimpleGallery,minimalist,74,0
SimpleGallery,minimalist,84,0
SimpleGallery,minimalist,12,0
SimpleGallery,minimalist,42,0
SimpleGallery,minimalist,145,1
SimpleGallery,minimalist,81,1
SimpleGallery,minimalist,78,1
SimpleGallery,minimalist,3,1
SimpleGallery,minimalist,7,1
SimpleGallery,minimalist,15,1
SimpleGallery,minimalist,13,1
SimpleGallery,minimalist,2,1
SimpleGallery,normal,0,1
SimpleGallery,normal,55,1
SimpleGallery,normal,70,1
SimpleGallery,normal,74,1
SimpleGallery,normal,84,1
SimpleGallery,normal,12,1
SimpleGallery,normal,42,1
SimpleGallery,normal,145,1
SimpleGallery,normal,81,1
SimpleGallery,normal,78,1
SimpleGallery,normal,3,1
SimpleGallery,normal,7,1
SimpleGallery,normal,15,1
SimpleGallery,normal,13,1
SimpleGallery,normal,2,1
SoundRecorder,minimalist,0,1
SoundRecorder,minimalist,641,1
SoundRecorder,minimalist,225,1
2048-app,normal,0,0
2048-app,normal,18,0
2048-app,normal,11,0
2048-app,normal,4,0
2048-app,normal,62,1
2048-app,normal,69,0
2048-app,normal,33,0
2048-app,normal,261,0
2048-app,normal,217,0
2048-app,normal,3,0
2048-app,heavy,0,0
2048-app,heavy,18,0
2048-app,heavy,11,0
2048-app,heavy,4,0
2048-app,heavy,62,0
2048-app,heavy,69,0
2048-app,heavy,33,1
2048-app,heavy,261,0
2048-app,heavy,217,0
2048-app,heavy,3,1
Amaze,normal,0,1
Amaze,normal,23,1
Amaze,normal,8,1
Amaze,normal,7,0
Amaze,normal,9,1
Amaze,normal,16,1
Amaze,normal,5,0
Amaze,normal,10,1
Amaze,normal,8,1
CGEO,minimalist,0,1
CGEO,minimalist,48,1
CGEO,minimalist,11,1
CGEO,minimalist,14,1
CGEO,minimalist,54,1
CGEO,minimalist,42,1
CGEO,minimalist,41,1
CGEO,minimalist,11,1
CGEO,minimalist,42,1
CGEO,minimalist,14,1
CGEO,minimalist,64,1
CGEO,minimalist,31,1
CGEO,minimalist,49,1
CGEO,minimalist,13,1
CGEO,minimalist,46,1
CGEO,minimalist,11,1
CGEO,minimalist,52,1
CGEO,minimalist,142,1
CGEO,minimalist,50,1
CGEO,minimalist,35,1
CGEO,minimalist,27,1
Orgzly,normal,0,1
Orgzly,normal,18,1
Orgzly,normal,30,1
Orgzly,normal,113,1
Orgzly,normal,25,1
Orgzly,normal,24,1
Orgzly,normal,10,1
Orgzly,normal,46,1
Orgzly,normal,79,1
Orgzly,normal,80,1
Orgzly,normal,60,1
Orgzly,normal,28,1
Orgzly,normal,108,1
Orgzly,heavy,0,1
Orgzly,heavy,18,1
Orgzly,heavy,30,1
Orgzly,heavy,113,1
Orgzly,heavy,25,1
Orgzly,heavy,24,0
Orgzly,heavy,10,1
Orgzly,heavy,46,1
Orgzly,heavy,79,0
Orgzly,heavy,80,1
Orgzly,heavy,60,1
Orgzly,heavy,28,0
Orgzly,heavy,108,0
NewPipe,minimalist,0,1
NewPipe,minimalist,88,1
NewPipe,minimalist,10,1
NewPipe,minimalist,14,1
NewPipe,minimalist,42,1
NewPipe,minimalist,16,1
NewPipe,minimalist,66,1
NewPipe,minimalist,36,1
NewPipe,minimalist,12,1
NewPipe,minimalist,2,1
NewPipe,minimalist,161,1
NewPipe,minimalist,21,1
NewPipe,minimalist,80,1
NewPipe,minimalist,46,1
NewPipe,minimalist,53,1
NewPipe,normal,0,0
NewPipe,normal,88,0
NewPipe,normal,10,0
NewPipe,normal,14,0
NewPipe,normal,42,0
NewPipe,normal,16,1
NewPipe,normal,66,0
NewPipe,normal,36,0
NewPipe,normal,12,0
NewPipe,normal,2,0
NewPipe,normal,161,0
NewPipe,normal,21,0
NewPipe,normal,80,0
NewPipe,normal,46,0
NewPipe,normal,53,0
NewPipe,heavy,0,1
NewPipe,heavy,88,1
NewPipe,heavy,10,0
NewPipe,heavy,14,1
NewPipe,heavy,42,1
NewPipe,heavy,16,1
NewPipe,heavy,66,1
NewPipe,heavy,36,1
NewPipe,heavy,12,1
NewPipe,heavy,2,1
NewPipe,heavy,161,1
NewPipe,heavy,21,0
NewPipe,heavy,80,1
NewPipe,heavy,46,1
NewPipe,heavy,53,1
Shuttle,minimalist,0,1
Shuttle,minimalist,256,1
Shuttle,minimalist,3,1
Shuttle,minimalist,14,1
Shuttle,minimalist,19,1
Shuttle,minimalist,61,1
Shuttle,minimalist,143,1
Shuttle,minimalist,19,1
Shuttle,minimalist,80,1
Shuttle,normal,0,1
Shuttle,normal,256,1
Shuttle,normal,3,1
Shuttle,normal,14,1
Shuttle,normal,19,1
Shuttle,normal,61,1
Shuttle,normal,143,1
Shuttle,normal,19,1
Shuttle,normal,80,1