﻿app,interface,Spell,status
2048-app,heavy,0,1
2048-app,heavy,130,1
2048-app,heavy,33,1
2048-app,heavy,477,1
2048-app,heavy,3,1
Tisky,heavy,0,1
Tisky,heavy,4,1
Tisky,heavy,16,1
Tisky,heavy,23,1
Tisky,heavy,66,1
Tisky,heavy,9,1
Tisky,heavy,20,1
Tisky,heavy,44,1
Tisky,heavy,3,1
Tisky,heavy,7,1
Tisky,heavy,16,1
Tisky,heavy,60,1
Tisky,heavy,3,1
Tisky,heavy,7,1
Tisky,heavy,15,1
Tisky,heavy,28,1
Tisky,heavy,12,1
Tisky,heavy,84,1
Tisky,heavy,16,1
Amaze,heavy,0,1
Amaze,heavy,23,1
Amaze,heavy,8,1
Amaze,heavy,7,1
Amaze,heavy,9,1
Amaze,heavy,16,1
Amaze,heavy,5,1
Amaze,heavy,10,1
Amaze,heavy,8,1
Orgzly,heavy,0,1
Orgzly,heavy,18,1
Orgzly,heavy,30,1
Orgzly,heavy,113,1
Orgzly,heavy,25,1
Orgzly,heavy,24,1
Orgzly,heavy,10,1
Orgzly,heavy,46,1
Orgzly,heavy,79,1
Orgzly,heavy,80,1
Orgzly,heavy,60,1
Orgzly,heavy,28,1
Orgzly,heavy,108,1
GNU,heavy,0,1
GNU,heavy,26,1
GNU,heavy,12,1
GNU,heavy,158,0
GNU,heavy,123,1
GNU,heavy,51,1
GNU,heavy,176,1
GNU,heavy,16,1
GNU,heavy,121,1
GNU,heavy,133,1
GNU,heavy,157,1
NewPipe,heavy,0,1
NewPipe,heavy,88,1
NewPipe,heavy,10,1
NewPipe,heavy,14,1
NewPipe,heavy,42,1
NewPipe,heavy,16,1
NewPipe,heavy,66,1
NewPipe,heavy,36,1
NewPipe,heavy,12,1
NewPipe,heavy,2,1
NewPipe,heavy,161,1
NewPipe,heavy,21,1
NewPipe,heavy,80,1
NewPipe,heavy,46,1
NewPipe,heavy,53,1